post_title;post_name;post_parent;ID;post_content;post_excerpt;post_status;post_password;menu_order;post_date;post_author;comment_status;sku;parent_sku;children;downloadable;virtual;stock;regular_price;sale_price;weight;length;width;height;tax_class;visibility;stock_status;backorders;sold_individually;low_stock_amount;manage_stock;tax_status;upsell_ids;crosssell_ids;purchase_note;sale_price_dates_from;sale_price_dates_to;download_limit;download_expiry;product_url;button_text;images;downloadable_files;product_page_url;meta:total_sales;meta:_global_unique_id;meta:_yoast_wpseo_focuskw;meta:_yoast_wpseo_canonical;meta:_yoast_wpseo_bctitle;meta:_yoast_wpseo_meta-robots-adv;meta:_yoast_wpseo_is_cornerstone;meta:_yoast_wpseo_metadesc;meta:_yoast_wpseo_linkdex;meta:_yoast_wpseo_estimated-reading-time-minutes;meta:_yoast_wpseo_content_score;meta:_yoast_wpseo_title;meta:_yoast_wpseo_metakeywords;tax:product_brand;tax:product_type;tax:product_visibility;tax:product_cat;tax:product_tag;tax:product_shipping_class
"Завеса воздушная Ballu BHC-U15A-PS";zavesa-vozdushnaya-ballu-bhcu15aps;;21663;"<p>Пылевлагозащищенная завеса BALLU BHC-U15A-PS c максимальной производительностью 4700 м3/ч и высотой установки до 6 метров, используется для защиты помещений с высоким уровнем влажности и загрязнения от проникновения холодного воздуха.</p>
<p>Высокая степень защиты электрических компонентов (IP54) обеспечивается в заводских условиях, именно поэтому при монтаже завесы не требуется проведение дополнительных работ по герметизации электрических соединений. </p>
<p>Непревзойденную надежность завесы обеспечивают внешнероторные двигатели со сроком наработки на отказ от 30&nbsp;000 часов.</p>
<p>Поворотное сопло позволяет менять угол наклона воздушной струи в диапазоне &plusmn;15&deg;, для обеспечения лучшей защиты помещения даже при сильных порывах ветра направленных перпендикулярно к плоскости проема.</p>
<p>Управление завесой осуществляется при помощи автоматических выключателей или интуитивно понятного пульта со встроенным термостатом, без необходимости приобретения дополнительных дорогостоящих шкафов коммутации. </p> 
<p>6 вариантов монтажа, подключение к однофазной сети и минимальные затраты на управление делают завесу BALLU BHC-U15A-PS абсолютным лидером с точки зрения удобства подключения и использования, среди промышленных завес российского производства.</p>

<h3>Технические характеристики</h3>
<h4>Габариты и вес</h4>
<ul>
<li><strong>Высота товара:</strong> 65.7 см</li>
<li><strong>Высота упаковки товара:</strong> 76.5 см</li>
<li><strong>Глубина товара:</strong> 57.7 см</li>
<li><strong>Глубина упаковки товара:</strong> 81.7 см</li>
<li><strong>Макс. высота установки:</strong> 6 м</li>
<li><strong>Масса товара (нетто):</strong> 45.3 кг</li>
<li><strong>Масса товара с упаковкой (брутто):</strong> 94 кг</li>
<li><strong>Рекомендованная ширина проема:</strong> 1.5 м</li>
<li><strong>Ширина товара:</strong> 142.2 см</li>
<li><strong>Ширина упаковки товара:</strong> 171 см</li>
</ul>
<h4>Технические характеристики</h4>
<ul>
<li><strong>Макс. потребляемая мощность:</strong> 0.77 кВт</li>
<li><strong>Мощность двигателей вентилятора:</strong> 830 Вт</li>
<li><strong>Напряжение электропитания, В:</strong> 220 - 240 В</li>
</ul>
<h4>Управление</h4>
<ul>
<li><strong>Пульт управления в комплекте:</strong> Доп. опция</li>
<li><strong>Термостат:</strong> Электронный</li>
</ul>
<h4>Безопасность</h4>
<ul>
<li><strong>Защита от перегрева:</strong> Нет</li>
</ul>
<h4>Монтаж и подключение</h4>
<ul>
<li><strong>Подключение к электросети:</strong> Кабельный ввод на корпусе</li>
</ul>
<h4>Комплектация</h4>
<ul>
<li><strong>Набор крепежных элементов в комплекте:</strong> Доп.опция</li>
</ul>
<h4>Внешний вид</h4>
<ul>
<li><strong>Материал корпуса:</strong> Металл</li>
<li><strong>Цвет корпуса:</strong> Оцинкованная сталь</li>
</ul>
<h4>Эксплуатация</h4>
<ul>
<li><strong>Область применения:</strong> Промышленное оборудование</li>
</ul>
<h4>Общие сведения</h4>
<ul>
<li><strong>Гарантийный срок:</strong> 2 года</li>
<li><strong>Серия:</strong> ULTRA</li>
<li><strong>Срок службы:</strong> 7 лет</li>
<li><strong>Страна производства:</strong> РОССИЯ</li>
<li><strong>Тип нагревательного элемента:</strong> Без нагрева</li>
</ul>
<h4>Другие характеристики</h4>
<ul>
<li><strong>Вариант размещения:</strong> Универсальное</li>
<li><strong>Вид управления:</strong> Дистанционное проводное</li>
<li><strong>Гарантийный документ:</strong> Гарантийный талон</li>
<li><strong>Индикация включения:</strong> Нет</li>
<li><strong>Класс пылевлагозащищенности:</strong> IP54</li>
<li><strong>Количество режимов вентиляции:</strong> 3</li>
<li><strong>Количество режимов нагрева:</strong> Без нагрева</li>
<li><strong>Макс. производительность:</strong> 4700 м3/час</li>
<li><strong>Регулировка скорости вращения вентилятора:</strong> Ступенчатая</li>
<li><strong>Регулировка температуры:</strong> Нет</li>
<li><strong>Режим 'без нагрева':</strong> Да</li>
<li><strong>Точность установки температуры:</strong> -</li>
<li><strong>Уровень шума на расстоянии 5м:</strong> 60 дБ</li>
</ul>

<h3>Документация</h3>
<h4>Сертификаты</h4>
<ul>
<li><img src=""https://kvanta42.ruhttps://kvanta42.ru/wp-content/uploads/2026/02/pdf-icon.png"" width=""32"" height=""32"" alt=""PDF"" style=""vertical-align: middle; margin-right: 8px;""><a href=""https://rkcdn.ru/products/8569dc4e-7ad7-11eb-b72a-005056010604/src.pdf"" target=""_blank"" rel=""noopener noreferrer"">Сертификат Завеса воздушная Ballu BHC-U15A-PS (PDF)</a></li>
<li><img src=""https://kvanta42.ruhttps://kvanta42.ru/wp-content/uploads/2026/02/pdf-icon.png"" width=""32"" height=""32"" alt=""PDF"" style=""vertical-align: middle; margin-right: 8px;""><a href=""https://rkcdn.ru/products/358b4a4a-8268-11f0-b8e0-00505601218a/src.pdf"" target=""_blank"" rel=""noopener noreferrer"">Сертификат Завеса воздушная Ballu BHC-U15A-PS (PDF)</a></li>
</ul>
<h4>Инструкции по эксплуатации</h4>
<ul>
<li><img src=""https://kvanta42.ruhttps://kvanta42.ru/wp-content/uploads/2026/02/pdf-icon.png"" width=""32"" height=""32"" alt=""PDF"" style=""vertical-align: middle; margin-right: 8px;""><a href=""https://rkcdn.ru/products/2d72fa9c-129d-11ef-b8d8-00505601218a/src.pdf"" target=""_blank"" rel=""noopener noreferrer"">Инструкция Завеса воздушная Ballu BHC-U15A-PS (PDF)</a></li>
</ul>

<p><strong>Код товара:</strong> НС-1183726</p>
<p><strong>Штрих-коды:</strong> 4680551012514</p>";"Пылевлагозащищенная завеса BALLU BHC-U15A-PS c максимальной производительностью 4700 м3/ч и высотой установки до 6 метров, используется для защиты помещений с высоким уровнем влажности и загрязнения...";future;;0;"2026-02-01 12:22:00";1;closed;BHC-U15A-PS;;;no;no;;99990.0;;45.3;57.7;1.5;65.7;;;instock;no;no;;no;taxable;;;;;;'-1;'-1;;;;;https://kvanta42.ru/?post_type=product&p=21663;0;;"Завеса воздушная Ballu";;;;;"Пылевлагозащищенная завеса BALLU BHC-U15A-PS c максимальной производительностью 4700 м3/ч и высотой установки до 6 метров, используется для защиты...";65;2;83;;;Ballu;simple;;"Тепловое оборудование > Воздушные и тепловые завесы > Промышленные";;
"Очаг электрический Royal Thermo RTFP/P500MR 3D Cassette Mystery Round";ochag-elektricheskiy-royal-thermo-rtfp-p500mr-3d-cassette-mystery-round;;21664;"<p>Встраиваемый паровой очаг обладает эффектом живого огня и функцией увлажнения воздуха.<br /> Имитация огня достигается за счет использования холодного пара, который с разной интенсивностью подсвечивается LED-лампами, создавая градиент, как у настоящих языков пламени.<br /> Паровой очаг оснащен современным сенсорным дисплеем, который позволяет управлять всеми функциями с максимальным удобством.<br /> Для тех, кто предпочитает дистанционное управление, предусмотрен стильный пульт ДУ, который дает возможность регулировать основные настройки на расстоянии.<br /> Данная модель удобна и проста в эксплуатации и обслуживании, так как очаг оснащен автоматическим заливом и сливом воды.<br /> Основными преимуществами парового очага является максимально реалистичный эффект пламени, абсолютная безопасность, функция увлажнения.<br /> Этот камин легко интегрировать в интерьер, установив его в нишу, островную конструкцию или в мебельные элементы.<br /> Такое решение привнесет в пространство гармонию и станет центром притяжения в любом интерьере.</p>

<h3>Технические характеристики</h3>
<h4>Габариты и вес</h4>
<ul>
<li><strong>Высота товара:</strong> 31.5 см</li>
<li><strong>Высота упаковки товара:</strong> 39 см</li>
<li><strong>Глубина товара:</strong> 50 см</li>
<li><strong>Глубина упаковки товара:</strong> 60 см</li>
<li><strong>Масса товара (нетто):</strong> 16 кг</li>
<li><strong>Масса товара с упаковкой (брутто):</strong> 21 кг</li>
<li><strong>Размер внутреннего экрана:</strong> Отсутствует</li>
<li><strong>Ширина товара:</strong> 50 см</li>
<li><strong>Ширина упаковки товара:</strong> 60 см</li>
</ul>
<h4>Технические характеристики</h4>
<ul>
<li><strong>Макс. потребляемая мощность:</strong> 0.28 кВт</li>
<li><strong>Напряжение электропитания, В:</strong> 220 - 240 В</li>
<li><strong>Потребляемая мощность в режиме 'без нагрева':</strong> 280 Вт</li>
</ul>
<h4>Управление</h4>
<ul>
<li><strong>Пульт управления в комплекте:</strong> Да</li>
<li><strong>Термостат:</strong> Отсутствует</li>
</ul>
<h4>Безопасность</h4>
<ul>
<li><strong>Защита от перегрева:</strong> Нет</li>
</ul>
<h4>Монтаж и подключение</h4>
<ul>
<li><strong>Сетевой кабель:</strong> Да (с вилкой)</li>
</ul>
<h4>Комплектация</h4>
<ul>
<li><strong>Декоративное топливо в комплекте:</strong> Нет</li>
<li><strong>Набор крепежных элементов в комплекте:</strong> Нет</li>
</ul>
<h4>Внешний вид</h4>
<ul>
<li><strong>Материал корпуса:</strong> Нержавеющая сталь</li>
<li><strong>Материал лицевой панели:</strong> Нержавеющая сталь</li>
<li><strong>Цвет корпуса:</strong> Черный</li>
</ul>
<h4>Эксплуатация</h4>
<ul>
<li><strong>Область применения:</strong> Бытовое оборудование (для домашнего использования)</li>
<li><strong>Эффективен для помещ. площадью до:</strong> 25 м2</li>
</ul>
<h4>Общие сведения</h4>
<ul>
<li><strong>Гарантийный срок:</strong> 2 года</li>
<li><strong>Серия:</strong> Mystery</li>
<li><strong>Срок службы:</strong> 2 года</li>
<li><strong>Страна производства:</strong> КНР</li>
<li><strong>Тип внутреннего экрана:</strong> Отсутствует</li>
<li><strong>Тип декоративного топлива:</strong> Вода</li>
<li><strong>Тип камина:</strong> Встраиваемый</li>
<li><strong>Тип ламп:</strong> LED</li>
<li><strong>Тип нагревательного элемента:</strong> Без нагрева</li>
<li><strong>Тип очага:</strong> Круглый</li>
<li><strong>Тип панели управления:</strong> Сенсорная</li>
<li><strong>Тип пламени:</strong> 3D</li>
<li><strong>Тип фронтальной панели:</strong> Отсутствует</li>
</ul>
<h4>Другие характеристики</h4>
<ul>
<li><strong>Вариант размещения:</strong> Горизонтальное</li>
<li><strong>Вид управления:</strong> Электронное</li>
<li><strong>Вид установки (крепления):</strong> В нишу</li>
<li><strong>Для порталов серии:</strong> Нет</li>
<li><strong>Имитация кирпичной кладки:</strong> Нет</li>
<li><strong>Индикация включения:</strong> Да</li>
<li><strong>Класс пылевлагозащищенности:</strong> IP20</li>
<li><strong>Портал:</strong> Доп.опция</li>
<li><strong>Работает с HOMMYN:</strong> Нет</li>
<li><strong>Работает с Алисой:</strong> Нет</li>
<li><strong>Работает с Марусей:</strong> Нет</li>
<li><strong>Работает с Салют:</strong> Нет</li>
<li><strong>Расположение воздухозаборных отверстий:</strong> Сбоку</li>
<li><strong>Расположение отверстий выхода горячего воздуха:</strong> -</li>
<li><strong>Регулировка уровня громкости:</strong> Да</li>
<li><strong>Регулировка яркости пламени:</strong> Нет</li>
<li><strong>Режим 'без нагрева':</strong> Да</li>
<li><strong>Режим 'Эффект пламени' (без обогрева):</strong> Да</li>
<li><strong>Режим обогрева:</strong> Нет</li>
<li><strong>Технология имитации пламени:</strong> Да</li>
<li><strong>Функция 'Звук потрескивания дров':</strong> Да</li>
</ul>

<h3>Документация</h3>
<h4>Сертификаты</h4>
<ul>
<li><img src=""https://kvanta42.ruhttps://kvanta42.ru/wp-content/uploads/2026/02/pdf-icon.png"" width=""32"" height=""32"" alt=""PDF"" style=""vertical-align: middle; margin-right: 8px;""><a href=""https://rkcdn.ru/products/fb361ffb-9819-11ef-b8dc-00505601218a/src.pdf"" target=""_blank"" rel=""noopener noreferrer"">Сертификат Очаг электрический Royal Thermo RTFP-P500MR 3D Cassette (PDF)</a></li>
<li><img src=""https://kvanta42.ruhttps://kvanta42.ru/wp-content/uploads/2026/02/pdf-icon.png"" width=""32"" height=""32"" alt=""PDF"" style=""vertical-align: middle; margin-right: 8px;""><a href=""https://rkcdn.ru/products/91f5730c-981a-11ef-b8dc-00505601218a/src.pdf"" target=""_blank"" rel=""noopener noreferrer"">Сертификат Очаг электрический Royal Thermo RTFP-P500MR 3D Cassette (PDF)</a></li>
</ul>
<h4>Инструкции по эксплуатации</h4>
<ul>
<li><img src=""https://kvanta42.ruhttps://kvanta42.ru/wp-content/uploads/2026/02/pdf-icon.png"" width=""32"" height=""32"" alt=""PDF"" style=""vertical-align: middle; margin-right: 8px;""><a href=""https://rkcdn.ru/products/d63ddd9c-d8a1-11ef-b8dc-00505601218a/src.pdf"" target=""_blank"" rel=""noopener noreferrer"">Инструкция Очаг электрический Royal Thermo RTFP-P500MR 3D Cassette (PDF)</a></li>
</ul>

<p><strong>Код товара:</strong> НС-1683165</p>
<p><strong>Штрих-коды:</strong> 4660294794526</p>";"Встраиваемый паровой очаг обладает эффектом живого огня и функцией увлажнения воздуха. Имитация огня достигается за счет использования холодного пара, который с разной интенсивностью подсвечивается...";future;;0;"2026-02-01 12:22:10";1;closed;RTFP-P500MR;;;no;no;;99990.0;;16;50;50;31.5;;;instock;no;no;;no;taxable;;;;;;'-1;'-1;;;;;https://kvanta42.ru/?post_type=product&p=21664;0;;"Очаг электрический Royal";;;;;"Встраиваемый паровой очаг обладает эффектом живого огня и функцией увлажнения воздуха. Имитация огня достигается за счет использования холодного...";72;1;74;;;"Royal Thermo";simple;;"Тепловое оборудование > Электрические камины > Электрические паровые очаги";;
"Обогреватель инфракрасный Ballu BIH-LC-2.0";obogrevatel-infrakrasnyy-ballu-bihlc20;;21665;"<p><strong>Серия L</strong><strong>C</strong> <strong>CARBON</strong></p>
<p>Электрический ламповый инфракрасный обогреватель Ballu BIH-LС-2.0 CARBON универсальный вариант для обогрева как закрытых, так и полуоткрытых помещений: летних кафе, ресторанов, баров, беседок, дачных домов, гаражей, квартир. Оснащен долговечным карбоновым нагревательным элементом и встроенным термостатом для поддержания температуры в помещении. В комплект поставки включены поворотные кронштейны и барашковые винты, которые позволяют монтировать обогреватель без использования инструментов практически на любую поверхность. Также в качестве опции доступна установка на профессиональный стальной телескопический штатив BIH-LS-210. Выбрать инфракрасный обогреватель по лучшей стоимости, познакомиться с отзывами &ndash; удобно в официальном интернет-магазине Ballu.</p>

<h3>Технические характеристики</h3>
<h4>Габариты и вес</h4>
<ul>
<li><strong>Высота товара:</strong> 9 см</li>
<li><strong>Высота упаковки товара:</strong> 23 см</li>
<li><strong>Глубина товара:</strong> 18 см</li>
<li><strong>Глубина упаковки товара:</strong> 13 см</li>
<li><strong>Длина кабеля:</strong> 1.8 м</li>
<li><strong>Макс. высота установки:</strong> 3 м</li>
<li><strong>Масса товара (нетто):</strong> 3 кг</li>
<li><strong>Масса товара с упаковкой (брутто):</strong> 3.4 кг</li>
<li><strong>Ширина товара:</strong> 74 см</li>
<li><strong>Ширина упаковки товара:</strong> 79 см</li>
</ul>
<h4>Технические характеристики</h4>
<ul>
<li><strong>Макс. потребляемая мощность:</strong> 2 кВт</li>
<li><strong>Напряжение электропитания, В:</strong> 220 - 240 В</li>
<li><strong>Ступени мощности нагрева, кВт:</strong> 2,00 кВт</li>
</ul>
<h4>Управление</h4>
<ul>
<li><strong>Пульт управления в комплекте:</strong> Да</li>
<li><strong>Таймер на отключение:</strong> Нет</li>
<li><strong>Тип термостата:</strong> Механический</li>
<li><strong>Управление c мобильного приложения по Wi-Fi:</strong> Нет</li>
<li><strong>Цифровой дисплей:</strong> Нет</li>
</ul>
<h4>Безопасность</h4>
<ul>
<li><strong>Аварийное отключение при сильном наклоне или опрокидывании:</strong> Нет</li>
<li><strong>Защита от замерзания:</strong> Нет</li>
<li><strong>Защита от перегрева:</strong> Да</li>
</ul>
<h4>Монтаж и подключение</h4>
<ul>
<li><strong>Крепление на штатив:</strong> Да</li>
<li><strong>Сетевой кабель:</strong> Да (с вилкой)</li>
</ul>
<h4>Комплектация</h4>
<ul>
<li><strong>Набор крепежных элементов в комплекте:</strong> Да</li>
</ul>
<h4>Внешний вид</h4>
<ul>
<li><strong>Материал корпуса:</strong> Металл</li>
<li><strong>Цвет корпуса:</strong> Графит</li>
</ul>
<h4>Эксплуатация</h4>
<ul>
<li><strong>Область применения:</strong> Универсальное оборудование</li>
<li><strong>Эффективен для помещ. площадью до:</strong> 25 м2</li>
</ul>
<h4>Общие сведения</h4>
<ul>
<li><strong>Гарантийный срок:</strong> 2 года</li>
<li><strong>Серия:</strong> LC CARBON</li>
<li><strong>Страна производства:</strong> КНР</li>
<li><strong>Тип нагревательного элемента:</strong> Инфракрасный</li>
</ul>
<h4>Другие характеристики</h4>
<ul>
<li><strong>Вариант размещения:</strong> Под любым углом</li>
<li><strong>Вид управления:</strong> Дистанционное беспроводное</li>
<li><strong>Вид установки (крепления):</strong> Настенная горизонтальная</li>
<li><strong>Гарантийный документ:</strong> Гарантийный талон</li>
<li><strong>Защитная решетка:</strong> Да</li>
<li><strong>Индикация включения:</strong> Да</li>
<li><strong>Класс пылевлагозащищенности:</strong> IP24</li>
<li><strong>Количество режимов нагрева:</strong> 1</li>
<li><strong>Отсек для сетевого кабеля:</strong> Нет</li>
<li><strong>Регулировка температуры:</strong> Нет</li>
</ul>

<h3>Документация</h3>
<h4>Сертификаты</h4>
<ul>
<li><img src=""https://kvanta42.ruhttps://kvanta42.ru/wp-content/uploads/2026/02/pdf-icon.png"" width=""32"" height=""32"" alt=""PDF"" style=""vertical-align: middle; margin-right: 8px;""><a href=""https://rkcdn.ru/products/5100ac50-df1d-11f0-b8e1-00505601218a/src.pdf"" target=""_blank"" rel=""noopener noreferrer"">Сертификат Обогреватель инфракрасный Ballu BIH-LC-2 0 (PDF)</a></li>
<li><img src=""https://kvanta42.ruhttps://kvanta42.ru/wp-content/uploads/2026/02/pdf-icon.png"" width=""32"" height=""32"" alt=""PDF"" style=""vertical-align: middle; margin-right: 8px;""><a href=""https://rkcdn.ru/products/5f8d104a-df1d-11f0-b8e1-00505601218a/src.pdf"" target=""_blank"" rel=""noopener noreferrer"">Сертификат Обогреватель инфракрасный Ballu BIH-LC-2 0 (PDF)</a></li>
<li><img src=""https://kvanta42.ruhttps://kvanta42.ru/wp-content/uploads/2026/02/pdf-icon.png"" width=""32"" height=""32"" alt=""PDF"" style=""vertical-align: middle; margin-right: 8px;""><a href=""https://rkcdn.ru/products/2c63b389-924d-11f0-b8e1-00505601218a/src.pdf"" target=""_blank"" rel=""noopener noreferrer"">Сертификат Обогреватель инфракрасный Ballu BIH-LC-2 0 (PDF)</a></li>
</ul>
<h4>Инструкции по эксплуатации</h4>
<ul>
<li><img src=""https://kvanta42.ruhttps://kvanta42.ru/wp-content/uploads/2026/02/pdf-icon.png"" width=""32"" height=""32"" alt=""PDF"" style=""vertical-align: middle; margin-right: 8px;""><a href=""https://rkcdn.ru/products/080cae37-9c16-11ef-b8dc-00505601218a/src.pdf"" target=""_blank"" rel=""noopener noreferrer"">Инструкция Обогреватель инфракрасный Ballu BIH-LC-2 0 (PDF)</a></li>
</ul>

<p><strong>Код товара:</strong> НС-1275204</p>
<p><strong>Штрих-коды:</strong> 4680551099096</p>";"Серия L C CARBON Электрический ламповый инфракрасный обогреватель Ballu BIH-LС-2.0 CARBON универсальный вариант для обогрева как закрытых, так и полуоткрытых помещений: летних кафе, ресторанов,...";future;;0;"2026-02-01 12:22:20";1;closed;BIH-LC-2.0;;;no;no;;9990.0;;3;18;74;9;;;instock;no;no;;no;taxable;;;;;;'-1;'-1;;;;;https://kvanta42.ru/?post_type=product&p=21665;0;;"Обогреватель инфракрасный Ballu";;;;;"Серия L C CARBON Электрический ламповый инфракрасный обогреватель Ballu BIH-LС-2.0 CARBON универсальный вариант для обогрева как закрытых, так и...";85;3;90;;;Ballu;simple;;"Тепловое оборудование > Инфракрасные обогреватели > Электрические инфракрасные обогреватели";;
"Сушилка для рук электрическая Royal Thermo RTHD-1100 White";sushilka-dlya-ruk-elektricheskaya-royal-thermo-rthd1100-white;;21666;"Сушилка для рук электрическая Royal Thermo Cyclone — это инновационное решение для быстрого и гигиеничного сушения рук.

Модель Royal Thermo RTHD-1100 оснащена передовой технологией, которая обеспечивает максимально эффективное сушение всего за 10 секунд.

Рукосушка оснащена чувствительным сенсорным датчиком. Благодаря этому, вам не придется прикасаться к прибору, что обеспечивает максимальную гигиену. Просто протяните руки под сушилку, и она сама включится, мгновенно начав сушить руки.

Кроме того, Royal Thermo RTHD-1100 имеет высокую энергоэффективность. Она обладает эффективной мощностью при низком энергопотреблении, что позволяет сократить расходы на электричество. Благодаря этому, сушилка станет не только удобным, но и экономичным решением для вашего бизнеса.

Сушилка для рук электрическая Royal Thermo RTHD-1100 — это надежное и эффективное решение, которое позволит вам сэкономить время и деньги на сушке рук. Ее инновационные функции и высокая энергоэффективность обеспечивают быстрый и гигиеничный процесс сушки, а противопылевой фильтр дополнительно обеспечивает защиту ваших рук от вредных микроорганизмов.

Для удобной установки сушилки в комплекте идет монтажный шаблон. Он позволяет быстро и легко прикрепить сушилку на стену без дополнительных усилий.

Гарантия 12 месяцев.
<h3>Технические характеристики</h3>
<h4>Габариты и вес</h4>
<ul>
 	<li><strong>Высота товара:</strong> 28.3 см</li>
 	<li><strong>Высота упаковки товара:</strong> 23.3 см</li>
 	<li><strong>Глубина товара:</strong> 18.1 см</li>
 	<li><strong>Глубина упаковки товара:</strong> 28.1 см</li>
 	<li><strong>Масса товара (нетто):</strong> 2.8 кг</li>
 	<li><strong>Масса товара с упаковкой (брутто):</strong> 3.47 кг</li>
 	<li><strong>Ширина товара:</strong> 23.5 см</li>
 	<li><strong>Ширина упаковки товара:</strong> 33.3 см</li>
</ul>
<h4>Технические характеристики</h4>
<ul>
 	<li><strong>Макс. потребляемая мощность:</strong> 1.1 кВт</li>
 	<li><strong>Макс. скорость потока:</strong> 90 м/с</li>
 	<li><strong>Напряжение электропитания, В:</strong> 220 - 240 В</li>
</ul>
<h4>Безопасность</h4>
<ul>
 	<li><strong>Защита от перегрева:</strong> Да</li>
</ul>
<h4>Монтаж и подключение</h4>
<ul>
 	<li><strong>Сетевой кабель:</strong> Да (с вилкой)</li>
</ul>
<h4>Комплектация</h4>
<ul>
 	<li><strong>Набор крепежных элементов в комплекте:</strong> Да</li>
</ul>
<h4>Внешний вид</h4>
<ul>
 	<li><strong>Материал корпуса:</strong> ABS-пластик</li>
 	<li><strong>Форма корпуса:</strong> Дизайнерская</li>
 	<li><strong>Цвет корпуса:</strong> Белый</li>
</ul>
<h4>Общие сведения</h4>
<ul>
 	<li><strong>Гарантийный срок:</strong> 12 мес</li>
 	<li><strong>Серия:</strong> Cuslone</li>
 	<li><strong>Срок службы:</strong> 2 года</li>
 	<li><strong>Страна производства:</strong> КНР</li>
 	<li><strong>Тип сушилки:</strong> Классическая</li>
</ul>
<h4>Другие характеристики</h4>
<ul>
 	<li><strong>HEPA (фильтр тонкой очистки):</strong> Нет</li>
 	<li><strong>Pre Filter (фильтр предварительной очистки):</strong> Нет</li>
 	<li><strong>Антивандальное исполнение корпуса:</strong> Нет</li>
 	<li><strong>Вид управления:</strong> Сенсорное</li>
 	<li><strong>Вид установки (крепления):</strong> Настенная</li>
 	<li><strong>Время непрерывной работы прибора:</strong> 1 мин</li>
 	<li><strong>Гарантийный документ:</strong> Гарантийный талон</li>
 	<li><strong>Класс пылевлагозащищенности:</strong> IPX1</li>
 	<li><strong>Количество режимов нагрева:</strong> 1</li>
 	<li><strong>Максимальный уровень шума на выходе:</strong> 85 дБ</li>
 	<li><strong>Температура воздуха на выходе:</strong> до 35 °С</li>
 	<li><strong>УФ-обеззараживание:</strong> Нет</li>
 	<li><strong>Фильтры очистки воздуха:</strong> Нет</li>
</ul>
<h3>Документация</h3>
<h4>Сертификаты</h4>
<ul>
 	<li><img style=""vertical-align: middle; margin-right: 8px;"" src=""https://kvanta42.ruhttps://kvanta42.ru/wp-content/uploads/2026/02/pdf-icon.png"" alt=""PDF"" width=""32"" height=""32"" /><a href=""https://rkcdn.ru/products/5a5fb033-dfb3-11ef-b8de-00505601218a/src.pdf"" target=""_blank"" rel=""noopener noreferrer"">Сертификат Сушилка для рук электрическая Royal Thermo RTHD-1100 White (PDF)</a></li>
 	<li><img style=""vertical-align: middle; margin-right: 8px;"" src=""https://kvanta42.ruhttps://kvanta42.ru/wp-content/uploads/2026/02/pdf-icon.png"" alt=""PDF"" width=""32"" height=""32"" /><a href=""https://rkcdn.ru/products/dfb983b9-dfcc-11ef-b8de-00505601218a/src.pdf"" target=""_blank"" rel=""noopener noreferrer"">Сертификат Сушилка для рук электрическая Royal Thermo RTHD-1100 White (PDF)</a></li>
</ul>
<h4>Инструкции по эксплуатации</h4>
<ul>
 	<li><img style=""vertical-align: middle; margin-right: 8px;"" src=""https://kvanta42.ruhttps://kvanta42.ru/wp-content/uploads/2026/02/pdf-icon.png"" alt=""PDF"" width=""32"" height=""32"" /><a href=""https://rkcdn.ru/products/a9de913f-88d6-11f0-b8e0-00505601218a/src.pdf"" target=""_blank"" rel=""noopener noreferrer"">Инструкция Сушилка для рук электрическая Royal Thermo RTHD-1100 White (PDF)</a></li>
</ul>
<strong>Код товара:</strong> НС-1700202

<strong>Штрих-коды:</strong> 4660294919639";"Сушилка для рук электрическая Royal Thermo Cyclone — это инновационное решение для быстрого и гигиеничного сушения рук. Модель Royal Thermo RTHD-1100 оснащена передовой технологией, которая...";future;;0;"2026-02-01 12:22:30";1;closed;"RTHD-1100 White";;;no;no;;9990.0;;2.8;18.1;23.5;28.3;;;instock;no;no;;no;taxable;;;;;;'-1;'-1;;;;;https://kvanta42.ru/?post_type=product&p=21666;0;;"Сушилка для рук";;;;;"Сушилка для рук электрическая Royal Thermo Cyclone — это инновационное решение для быстрого и гигиеничного сушения рук. Модель Royal Thermo...";82;3;90;;;"Royal Thermo";simple;;"Тепловое оборудование > Сушилки для рук";;
"Сушилка для рук электрическая Royal Thermo RTHD-1100 Black";sushilka-dlya-ruk-elektricheskaya-royal-thermo-rthd1100-black;;21667;"<p>Сушилка для рук электрическая Royal Thermo Cyclone &mdash; это инновационное решение для быстрого и гигиеничного сушения рук.</p>
<p>Модель Royal Thermo RTHD-1100 оснащена передовой технологией, которая обеспечивает максимально эффективное сушение всего за 10 секунд.</p>
<p>Рукосушка оснащена чувствительным сенсорным датчиком. Благодаря этому, вам не придется прикасаться к прибору, что обеспечивает максимальную гигиену. Просто протяните руки под сушилку, и она сама включится, мгновенно начав сушить руки.</p>
<p>Кроме того, Royal Thermo RTHD-1100 имеет высокую энергоэффективность. Она обладает эффективной мощностью при низком энергопотреблении, что позволяет сократить расходы на электричество. Благодаря этому, сушилка станет не только удобным, но и экономичным решением для вашего бизнеса.</p>
<p>Сушилка для рук электрическая Royal Thermo RTHD-1100 &mdash; это надежное и эффективное решение, которое позволит вам сэкономить время и деньги на сушке рук. Ее инновационные функции и высокая энергоэффективность обеспечивают быстрый и гигиеничный процесс сушки, а противопылевой фильтр дополнительно обеспечивает защиту ваших рук от вредных микроорганизмов.</p>
<p>Для удобной установки сушилки в комплекте идет монтажный шаблон. Он позволяет быстро и легко прикрепить сушилку на стену без дополнительных усилий.</p>
<p>Гарантия 12 месяцев.</p>

<h3>Технические характеристики</h3>
<h4>Габариты и вес</h4>
<ul>
<li><strong>Высота товара:</strong> 28.3 см</li>
<li><strong>Высота упаковки товара:</strong> 23.3 см</li>
<li><strong>Глубина товара:</strong> 18.1 см</li>
<li><strong>Глубина упаковки товара:</strong> 28.1 см</li>
<li><strong>Масса товара (нетто):</strong> 2.8 кг</li>
<li><strong>Масса товара с упаковкой (брутто):</strong> 3.47 кг</li>
<li><strong>Ширина товара:</strong> 23.5 см</li>
<li><strong>Ширина упаковки товара:</strong> 33.3 см</li>
</ul>
<h4>Технические характеристики</h4>
<ul>
<li><strong>Макс. потребляемая мощность:</strong> 1.1 кВт</li>
<li><strong>Макс. скорость потока:</strong> 90 м/с</li>
<li><strong>Напряжение электропитания, В:</strong> 220 - 240 В</li>
</ul>
<h4>Безопасность</h4>
<ul>
<li><strong>Защита от перегрева:</strong> Да</li>
</ul>
<h4>Монтаж и подключение</h4>
<ul>
<li><strong>Сетевой кабель:</strong> Да (с вилкой)</li>
</ul>
<h4>Комплектация</h4>
<ul>
<li><strong>Набор крепежных элементов в комплекте:</strong> Да</li>
</ul>
<h4>Внешний вид</h4>
<ul>
<li><strong>Материал корпуса:</strong> ABS-пластик</li>
<li><strong>Форма корпуса:</strong> Дизайнерская</li>
<li><strong>Цвет корпуса:</strong> Черный</li>
</ul>
<h4>Общие сведения</h4>
<ul>
<li><strong>Гарантийный срок:</strong> 12 мес</li>
<li><strong>Серия:</strong> Cuslone</li>
<li><strong>Срок службы:</strong> 2 года</li>
<li><strong>Страна производства:</strong> КНР</li>
<li><strong>Тип сушилки:</strong> Классическая</li>
</ul>
<h4>Другие характеристики</h4>
<ul>
<li><strong>HEPA (фильтр тонкой очистки):</strong> Нет</li>
<li><strong>Pre Filter (фильтр предварительной очистки):</strong> Нет</li>
<li><strong>Антивандальное исполнение корпуса:</strong> Нет</li>
<li><strong>Вид управления:</strong> Сенсорное</li>
<li><strong>Вид установки (крепления):</strong> Настенная</li>
<li><strong>Время непрерывной работы прибора:</strong> 1 мин</li>
<li><strong>Гарантийный документ:</strong> Гарантийный талон</li>
<li><strong>Класс пылевлагозащищенности:</strong> IPX1</li>
<li><strong>Количество режимов нагрева:</strong> 1</li>
<li><strong>Максимальный уровень шума на выходе:</strong> 85 дБ</li>
<li><strong>Температура воздуха на выходе:</strong> до 35 °С</li>
<li><strong>УФ-обеззараживание:</strong> Нет</li>
<li><strong>Фильтры очистки воздуха:</strong> Нет</li>
</ul>

<h3>Документация</h3>
<h4>Сертификаты</h4>
<ul>
<li><img src=""https://kvanta42.ruhttps://kvanta42.ru/wp-content/uploads/2026/02/pdf-icon.png"" width=""32"" height=""32"" alt=""PDF"" style=""vertical-align: middle; margin-right: 8px;""><a href=""https://rkcdn.ru/products/5a5fb035-dfb3-11ef-b8de-00505601218a/src.pdf"" target=""_blank"" rel=""noopener noreferrer"">Сертификат Сушилка для рук электрическая Royal Thermo RTHD-1100 Black (PDF)</a></li>
<li><img src=""https://kvanta42.ruhttps://kvanta42.ru/wp-content/uploads/2026/02/pdf-icon.png"" width=""32"" height=""32"" alt=""PDF"" style=""vertical-align: middle; margin-right: 8px;""><a href=""https://rkcdn.ru/products/dfb983bb-dfcc-11ef-b8de-00505601218a/src.pdf"" target=""_blank"" rel=""noopener noreferrer"">Сертификат Сушилка для рук электрическая Royal Thermo RTHD-1100 Black (PDF)</a></li>
</ul>
<h4>Инструкции по эксплуатации</h4>
<ul>
<li><img src=""https://kvanta42.ruhttps://kvanta42.ru/wp-content/uploads/2026/02/pdf-icon.png"" width=""32"" height=""32"" alt=""PDF"" style=""vertical-align: middle; margin-right: 8px;""><a href=""https://rkcdn.ru/products/acc26837-88d5-11f0-b8e0-00505601218a/src.pdf"" target=""_blank"" rel=""noopener noreferrer"">Инструкция Сушилка для рук электрическая Royal Thermo RTHD-1100 Black (PDF)</a></li>
</ul>

<p><strong>Код товара:</strong> НС-1634652</p>
<p><strong>Штрих-коды:</strong> 4660294392180</p>";"Сушилка для рук электрическая Royal Thermo Cyclone &mdash; это инновационное решение для быстрого и гигиеничного сушения рук. Модель Royal Thermo RTHD-1100 оснащена передовой технологией, которая...";future;;0;"2026-02-01 12:22:40";1;closed;"RTHD-1100 Black";;;no;no;;9990.0;;2.8;18.1;23.5;28.3;;;instock;no;no;;no;taxable;;;;;;'-1;'-1;;;;;https://kvanta42.ru/?post_type=product&p=21667;0;;"Сушилка для рук";;;;;"Сушилка для рук электрическая Royal Thermo Cyclone &mdash; это инновационное решение для быстрого и гигиеничного сушения рук. Модель Royal Thermo...";59;1;95;;;"Royal Thermo";simple;;"Тепловое оборудование > Сушилки для рук";;
"Обогреватель инфракрасный газовый Ballu BIGH-55 Белый кремовый";obogrevatel-infrakrasnyy-gazovyy-ballu-bigh55-belyy-kremovyy;;21668;"<p>Газовый инфракрасный обогреватель Ballu BIGH-55 выпускается в России, не имеет аналогов на рынке по цене и качеству, а каждый прибор проходит 100% тестирование и проверку на утечки газа в лабораторных условиях. </p>
<p>Модель BIGH-55 серии Galaxy – это полностью автономная система обогрева. Для работы обогревателя не требуется наличие электропитания, что дает возможность устанавливать его практически где угодно. </p>
<p>Сфера применения BIGH-55 широка: отопление загородных домов и дач в период межсезонья, создание комфортных условий на открытых площадках ресторанов, кафе или гостиниц, обогрев людей на выездных развлекательных мероприятиях. </p>
<p>Эксклюзивная особенность техники -  возможность одновременного инфракрасного и конвективного теплообмена (технология Fast Heat). Источником теплового излучения служит панель в передней части корпуса. Она выполнена из высокопрочной керамики класса «А», на поверхности которой отсутствуют микротрещины, сколы и иные дефекты. Конвективный поток выходит через перфорацию в верхней части обогревателя. </p>
<p>Прибор функционирует в трех режимах мощности, обогревая помещения площадью до 60 м&#178;. Бесперебойная работа на протяжении многих лет достигается благодаря многоуровневой системе безопасности, в которую входит: защитная термопара для контроля пламени, датчики аварийного отключения при опрокидывании и превышении уровня углекислого газа. Кроме того, специальный фиксатор предотвращает случайное выпадение баллона при перемещении прибора. </p>
<p>Дизайн модели BIGH-55 выполнен в строгом и вместе с тем оригинальном стиле. Созданная по авторскому проекту фронтальная решетка отлично смотрится в интерьере любого помещения, а «спрятанный» в верхней части корпуса блок управления делает прибор еще более привлекательным. 
Газовый инфракрасный обогреватель BIGH-55 мобилен и легок в перемещении - за счет усиленных шасси он свободно перемещается по любой гладкой поверхности. </p>
<p>Оборудование работает абсолютно бесшумно, а его подключение требует минимума времени и сил – редуктор давления и шланг уже входят в комплект. </p>
<p>Достаточно установить стандартный газовый баллон объёмом до 27 литров, подключить его, нажать на кнопку включения, выбрать нужный режим обогрева- и помещение практически мгновенно наполнится теплом и уютом. Наглядная и понятная инструкция всегда подскажет, как правильно использовать прибор.</p>
<h4>Преимущества:</h4>
<ul class=""ul"">
<li>Мощность обогрева 4,2 кВт</li>
<li>Площадь обогрева 60 м2</li>
<li>Скрытое расположение газового баллона внутри корпуса</li>
<li>Панель управления эргономичная</li>
<li>Передняя панель с перфорацией</li>
<li>Усиленные колеса для перемещения обогревателя</li>
<li>Независимость от электропитания</li>
<li>3-х ступенчатая регулировка мощности</li>
<li>Защитная термопара для контроля пламени</li>
<li>Аварийное отключение при опрокидывании</li>
<li>Система контроля уровня СО2</li>
<li>Фиксатор баллона в комплекте</li>
<li>Эксклюзивный дизайн фронтальной решетки и переключателя режимов в стиле Ballu</li>
<li>Армированный шланг с редуктором уже установлены</li>
<li>Баллоны до 27 литров устанавливаются внутрь прибора</li>
<li>Суперкомпактный размер прибора и упаковки</li>
<li>Лучшая керамическая горелка класса А</li>
<li>Усиленный газовый клапан</li>
<li>Специальная износостойкая краска для обода</li>
<li>Увеличенная  на 25% теплоотдача  за счет комбинации инфракрасного и конвективного обогрева</li>
</ul>
<h4>Особенности модели:</h4>
<p>Для газовых обогревателей Ballu BIGH-55 подходят газовые баллоны Российского производства.
<p>Баллон объемом 5 л - заправка жидкого газа не более 2,5 кг. При использовании обогревателя на максимальной мощности газа в газовом баллоне хватит на 8,5 часов<br />
Баллон объемом 12 л - заправка жидкого газа не более 5 кг.При использовании обогревателя на максимальной мощности газа в газовом баллоне хватит на 16 часов<br />
Баллон объемом 27 л - заправка жидкого газа не более 11,4 кг.При использовании обогревателя на максимальной мощности газа в газовом баллоне хватит на 38 часов<br />
Баллон объемом 50 л - заправка жидкого газа не более 21,2 кг.При использовании обогревателя на максимальной мощности газа в газовом баллоне хватит на 70,5 часов.</p>
<h4>Проветривание</h4>
<p>Во время работы газовый обогреватель потребляет кислород. Поэтому необходимо проветривать помещение, в которых используется обогреватель. Это обеспечивает устранение продуктов сгорания и позволяет произвести смену воздуха в помещении.</p>
<h4>Гарантия: 1 год</h4>
<h4>Сделано в России</h4>

<h3>Технические характеристики</h3>
<h4>Габариты и вес</h4>
<ul>
<li><strong>Высота товара:</strong> 75.5 см</li>
<li><strong>Высота упаковки товара:</strong> 78.5 см</li>
<li><strong>Глубина товара:</strong> 39.8 см</li>
<li><strong>Глубина упаковки товара:</strong> 38 см</li>
<li><strong>Масса товара (нетто):</strong> 8.2 кг</li>
<li><strong>Масса товара с упаковкой (брутто):</strong> 9.2 кг</li>
<li><strong>Ширина товара:</strong> 37 см</li>
<li><strong>Ширина упаковки товара:</strong> 40.5 см</li>
</ul>
<h4>Технические характеристики</h4>
<ul>
<li><strong>Макс. тепловая мощность:</strong> 4.2 кВт</li>
<li><strong>Ступени мощности нагрева, кВт:</strong> 4,20 кВт</li>
</ul>
<h4>Управление</h4>
<ul>
<li><strong>Пульт управления в комплекте:</strong> Нет</li>
<li><strong>Цифровой дисплей:</strong> Нет</li>
</ul>
<h4>Безопасность</h4>
<ul>
<li><strong>Аварийное отключение при сильном наклоне или опрокидывании:</strong> Да</li>
<li><strong>Защита от замерзания:</strong> Нет</li>
<li><strong>Защита от перегрева:</strong> Да</li>
</ul>
<h4>Внешний вид</h4>
<ul>
<li><strong>Материал корпуса:</strong> Сталь</li>
<li><strong>Материал решетки:</strong> Металл</li>
<li><strong>Цвет корпуса:</strong> Черный графитовый</li>
</ul>
<h4>Эксплуатация</h4>
<ul>
<li><strong>Назначение:</strong> Использование в помещении</li>
<li><strong>Область применения:</strong> Бытовое оборудование (для домашнего использования)</li>
<li><strong>Эффективен для помещ. площадью до:</strong> 60 м2</li>
</ul>
<h4>Общие сведения</h4>
<ul>
<li><strong>Гарантийный срок:</strong> 12 мес</li>
<li><strong>Серия:</strong> Galaxy</li>
<li><strong>Срок службы:</strong> 5 лет</li>
<li><strong>Страна производства:</strong> РОССИЯ</li>
</ul>
<h4>Другие характеристики</h4>
<ul>
<li><strong>Блокировка колесиков:</strong> Нет</li>
<li><strong>Вариант размещения:</strong> Вертикальное</li>
<li><strong>Вид топлива:</strong> Пропан-бутан</li>
<li><strong>Вид управления:</strong> Механическое</li>
<li><strong>Вид установки (крепления):</strong> Напольная</li>
<li><strong>Газовый баллон:</strong> Доп.опция</li>
<li><strong>Гарантийный документ:</strong> Гарантийный талон</li>
<li><strong>Гибкий шланг:</strong> В комплекте</li>
<li><strong>Давление газа:</strong> 37 мбар</li>
<li><strong>Датчик уровня кислорода:</strong> Нет</li>
<li><strong>Защитная решетка:</strong> Да</li>
<li><strong>Индикация включения:</strong> Нет</li>
<li><strong>Класс пылевлагозащищенности:</strong> IPX0</li>
<li><strong>Колесики для перемещения:</strong> Да</li>
<li><strong>Количество режимов нагрева:</strong> 3</li>
<li><strong>Контроль наличия пламени (отключает подачу топлива):</strong> Да</li>
<li><strong>Объем газового баллона:</strong> 27 л</li>
<li><strong>Отсек для газового баллона:</strong> Да</li>
<li><strong>Регулировка температуры:</strong> Да (механический регулятор)</li>
<li><strong>Редуктор давления:</strong> В комплекте</li>
<li><strong>Розжиг горелки:</strong> Пьезоэлектрический</li>
<li><strong>Средний расход топлива:</strong> 0,105/0,210/0,315 кг/ч</li>
</ul>

<h3>Документация</h3>
<h4>Сертификаты</h4>
<ul>
<li><img src=""https://kvanta42.ruhttps://kvanta42.ru/wp-content/uploads/2026/02/pdf-icon.png"" width=""32"" height=""32"" alt=""PDF"" style=""vertical-align: middle; margin-right: 8px;""><a href=""https://rkcdn.ru/products/b469016e-8290-11f0-b8e0-00505601218a/src.pdf"" target=""_blank"" rel=""noopener noreferrer"">Сертификат Обогреватель инфракрасный газовый Ballu BIGH-55 Белый (PDF)</a></li>
</ul>
<h4>Инструкции по эксплуатации</h4>
<ul>
<li><img src=""https://kvanta42.ruhttps://kvanta42.ru/wp-content/uploads/2026/02/pdf-icon.png"" width=""32"" height=""32"" alt=""PDF"" style=""vertical-align: middle; margin-right: 8px;""><a href=""https://rkcdn.ru/products/dd20619e-ef8e-11ef-b8de-00505601218a/src.pdf"" target=""_blank"" rel=""noopener noreferrer"">Инструкция Обогреватель инфракрасный газовый Ballu BIGH-55 Белый (PDF)</a></li>
</ul>

<p><strong>Код товара:</strong> НС-1053138</p>
<p><strong>Штрих-коды:</strong> 4650064777132</p>";"Газовый инфракрасный обогреватель Ballu BIGH-55 выпускается в России, не имеет аналогов на рынке по цене и качеству, а каждый прибор проходит 100% тестирование и проверку на утечки газа в...";future;;0;"2026-02-01 12:22:50";1;closed;BIGH-55;;;no;no;;9990.0;;8.2;39.8;37;75.5;;;instock;no;no;;no;taxable;;;;;;'-1;'-1;;;;;https://kvanta42.ru/?post_type=product&p=21668;0;;"Обогреватель инфракрасный газовый";;;;;"Газовый инфракрасный обогреватель Ballu BIGH-55 выпускается в России, не имеет аналогов на рынке по цене и качеству, а каждый прибор проходит 100%...";76;2;85;;;Ballu;simple;;"Тепловое оборудование > Инфракрасные обогреватели > Газовые инфракрасные обогреватели";;
"Комплект обогреватель инфракрасный Ballu BIH-GSW-1.0 + Терморегулятор BMT-1";komplekt-obogrevatel-infrakrasnyy-ballu-bihgsw10-termoregulyator-bmt1;;21669;"<p>Эксклюзивная серия - стеклянные инфракрасные обогреватели. Интерьерное исполнение для локального обогрева в жилых помещениях. Ультратонкие приборы имеют толщину всего 10 мм, благодаря чему незаметны под потолком.</p>
<p>Обогреватели серии выполнены по уникальной запатентованной технологии &laquo;греющего стекла&raquo; - нагревательный элемент отличается высокой надежностью и практически неограниченным сроком службы.</p>
<p>Повышенная степень пылевлагозащиты IP54 допускает применение обогревателей даже во влажных помещениях (ванные комнаты, бани, бассейны). Подвес на тонких незаметных тросах в комплекте.</p>
<p>Модельный ряд серии GSW представлен моделями с белоснежными панелями с термостойким керамическим покрытием. На все модели предоставляется расширенная гарантия 3 года.</p>
<h4>Назначение</h4>
<p>Основное: основной и дополнительный обогрев помещений, локальный обогрев жилых и зон в помещениях.</p>
<h4>Сфера применения</h4>
<p>Обогреватели оптимально подходят для обогрева зон жилых помещений, квартир, дач, внутренних помещений кафе, баров, ресторанов, гостиниц и отелей.</p>
<h4>Отличительные особенности</h4>
<ul>
<li>Ультратонкие стеклянные панели с толщиной корпуса всего 10 мм</li>
<li>Высокотехнологическое керамическое покрытие усиливает теплоотдачу в инфракрасном спектре</li>
<li>Уникальная, запатентованная технология &laquo;греющее стекло&raquo;</li>
<li>В комплекте всё необходимое для быстрого и удобного монтажа</li>
<li>Подвес на декоративных тросах диаметром 1,5 мм выполняется при помощи удобных фиксаторов</li>
<li>Для незаметного монтажа на удалении от потолка обогреватели поставляются с декоративными проводами со стальной оплёткой</li>
<li>Индивидуальная упаковка изготовлена из экологичного гофрокартона с удобной ручкой для переноски и усилена силовыми вставками для безопасной транспортировки</li>
<li>Увеличенная гарантия 3 года</li>
</ul>
<p>Механический терморегулятор BMT-1 в комплекте.</p>
<h4>Сделано в России</h4>
<p>Дипломант конкурса &laquo;100 лучших товаров России&raquo; в 2024 году.</p>

<h3>Технические характеристики</h3>
<h4>Габариты и вес</h4>
<ul>
<li><strong>Высота товара:</strong> 3 см</li>
<li><strong>Высота упаковки товара:</strong> 5.5 см</li>
<li><strong>Глубина товара:</strong> 25 см</li>
<li><strong>Глубина упаковки товара:</strong> 26.5 см</li>
<li><strong>Длина кабеля:</strong> 1.5 м</li>
<li><strong>Масса товара (нетто):</strong> 4.05 кг</li>
<li><strong>Масса товара с упаковкой (брутто):</strong> 4.67 кг</li>
<li><strong>Ширина товара:</strong> 79.5 см</li>
<li><strong>Ширина упаковки товара:</strong> 83 см</li>
</ul>
<h4>Технические характеристики</h4>
<ul>
<li><strong>Макс. потребляемая мощность:</strong> 1 кВт</li>
<li><strong>Напряжение электропитания, В:</strong> 220 - 240 В</li>
<li><strong>Ступени мощности нагрева, кВт:</strong> 1,00 кВт</li>
</ul>
<h4>Управление</h4>
<ul>
<li><strong>Пульт управления в комплекте:</strong> Да</li>
<li><strong>Таймер на отключение:</strong> Нет</li>
<li><strong>Тип термостата:</strong> Механический</li>
<li><strong>Управление c мобильного приложения по Wi-Fi:</strong> Нет</li>
<li><strong>Цифровой дисплей:</strong> Нет</li>
</ul>
<h4>Безопасность</h4>
<ul>
<li><strong>Аварийное отключение при сильном наклоне или опрокидывании:</strong> Нет</li>
<li><strong>Защита от перегрева:</strong> Да (при использовании терморегулятора)</li>
</ul>
<h4>Монтаж и подключение</h4>
<ul>
<li><strong>Сетевой кабель:</strong> Да (без вилки)</li>
</ul>
<h4>Внешний вид</h4>
<ul>
<li><strong>Материал корпуса:</strong> Стеклокерамика</li>
<li><strong>Цвет корпуса:</strong> Белый</li>
</ul>
<h4>Эксплуатация</h4>
<ul>
<li><strong>Область применения:</strong> Бытовое оборудование (для домашнего использования)</li>
<li><strong>Эффективен для помещ. площадью до:</strong> 20 м2</li>
</ul>
<h4>Общие сведения</h4>
<ul>
<li><strong>Гарантийный срок:</strong> 3 года</li>
<li><strong>Серия:</strong> GSW</li>
<li><strong>Страна производства:</strong> РОССИЯ</li>
<li><strong>Тип нагревательного элемента:</strong> Инфракрасный</li>
</ul>
<h4>Другие характеристики</h4>
<ul>
<li><strong>Вид управления:</strong> Механическое</li>
<li><strong>Вид установки (крепления):</strong> Подвесная</li>
<li><strong>Возможность использования в ванной комнате:</strong> Да</li>
<li><strong>Гарантийный документ:</strong> Гарантийный талон</li>
<li><strong>Индикация включения:</strong> Нет</li>
<li><strong>Класс пылевлагозащищенности:</strong> IP54</li>
<li><strong>Количество режимов нагрева:</strong> 1</li>
<li><strong>Регулировка температуры:</strong> Да</li>
<li><strong>Точность установки температуры:</strong> Механическая регулировка</li>
</ul>

<h3>Документация</h3>
<h4>Сертификаты</h4>
<ul>
<li><img src=""https://kvanta42.ruhttps://kvanta42.ru/wp-content/uploads/2026/02/pdf-icon.png"" width=""32"" height=""32"" alt=""PDF"" style=""vertical-align: middle; margin-right: 8px;""><a href=""https://rkcdn.ru/products/b6e43e72-a5ba-11ef-b8dc-00505601218a/src.pdf"" target=""_blank"" rel=""noopener noreferrer"">Сертификат Комплект обогреватель инфракрасный Ballu BIH-GSW-1 0 (PDF)</a></li>
</ul>
<h4>Инструкции по эксплуатации</h4>
<ul>
<li><img src=""https://kvanta42.ruhttps://kvanta42.ru/wp-content/uploads/2026/02/pdf-icon.png"" width=""32"" height=""32"" alt=""PDF"" style=""vertical-align: middle; margin-right: 8px;""><a href=""https://rkcdn.ru/products/d63a9fca-a80d-11ef-b8dc-00505601218a/src.pdf"" target=""_blank"" rel=""noopener noreferrer"">Инструкция Комплект обогреватель инфракрасный Ballu BIH-GSW-1 0 (PDF)</a></li>
</ul>

<p><strong>Код товара:</strong> НС-1689602</p>
<p><strong>Штрих-коды:</strong> 4660294816228</p>";"Эксклюзивная серия - стеклянные инфракрасные обогреватели. Интерьерное исполнение для локального обогрева в жилых помещениях. Ультратонкие приборы имеют толщину всего 10 мм, благодаря чему незаметны...";future;;0;"2026-02-01 12:23:00";1;closed;"BIH-GSW-1.0 + BMT-1";;;no;no;;9990.0;;4.05;25;79.5;3;;;instock;no;no;;no;taxable;;;;;;'-1;'-1;;;;;https://kvanta42.ru/?post_type=product&p=21669;0;;"Комплект обогреватель инфракрасный";;;;;"Эксклюзивная серия - стеклянные инфракрасные обогреватели. Интерьерное исполнение для локального обогрева в жилых помещениях. Ультратонкие приборы...";79;2;80;;;Ballu;simple;;"Тепловое оборудование > Инфракрасные обогреватели > Электрические инфракрасные обогреватели";;
"Обогреватель инфракрасный Ballu BIH-LL-1.5-SE";obogrevatel-infrakrasnyy-ballu-bihll15se;;21670;"<p>Подвесной инфракрасный обогреватель BALLU BIH-LL-1,5-SE предназначен создавать уют и теплую комфортную атмосферу за вашим столом, даже на открытой веранде в прохладные дни. Находящиеся в спектре излучения люди и предметы эффективно обогреваются современными галогеновыми нагревательными элементами. Привлекательный внешний вид прибора делает его изящным дополнением любого интерьера.</p>
<h4>Назначение</h4>
<p>Прибор предназначен для обогрева людей, создания уютной, комфортной атмосферы, а также служит украшением интерьера.</p>
<h4>Сфера применения</h4>
<p>Крыльцо загородного дома, беседки, шатры, открытые и полуоткрытые веранды ресторанов и кафе.</p>
<h4>Отличительные особенности</h4>
<ul>
<li>&nbsp;Высокоэффективный галогеновый&nbsp;нагревательный элемент</li>
<li>Современный дизайн корпуса</li>
<li>Степень пылевлагозащиты IP24</li>
<li>2 режима нагрева</li>
<li>Прочная цепь для подвеса</li>
</ul>
<h4>Гарантия 2 года</h4>

<h3>Технические характеристики</h3>
<h4>Габариты и вес</h4>
<ul>
<li><strong>Высота товара:</strong> 25 см</li>
<li><strong>Высота упаковки товара:</strong> 29 см</li>
<li><strong>Глубина товара:</strong> 42.5 см</li>
<li><strong>Глубина упаковки товара:</strong> 45.5 см</li>
<li><strong>Длина кабеля:</strong> 1.8 м</li>
<li><strong>Масса товара (нетто):</strong> 1.8 кг</li>
<li><strong>Масса товара с упаковкой (брутто):</strong> 2.8 кг</li>
<li><strong>Ширина товара:</strong> 42.5 см</li>
<li><strong>Ширина упаковки товара:</strong> 45.5 см</li>
</ul>
<h4>Технические характеристики</h4>
<ul>
<li><strong>Макс. потребляемая мощность:</strong> 1.5 кВт</li>
<li><strong>Напряжение электропитания, В:</strong> 220 - 240 В</li>
<li><strong>Ступени мощности нагрева, кВт:</strong> 1,50 кВт</li>
</ul>
<h4>Управление</h4>
<ul>
<li><strong>Таймер на отключение:</strong> Нет</li>
<li><strong>Тип термостата:</strong> Отсутствует</li>
<li><strong>Управление c мобильного приложения по Wi-Fi:</strong> Нет</li>
<li><strong>Цифровой дисплей:</strong> Нет</li>
</ul>
<h4>Безопасность</h4>
<ul>
<li><strong>Аварийное отключение при сильном наклоне или опрокидывании:</strong> Нет</li>
<li><strong>Защита от перегрева:</strong> Да</li>
</ul>
<h4>Монтаж и подключение</h4>
<ul>
<li><strong>Сетевой кабель:</strong> Да (с вилкой)</li>
</ul>
<h4>Внешний вид</h4>
<ul>
<li><strong>Материал корпуса:</strong> Металл</li>
<li><strong>Цвет корпуса:</strong> Серый</li>
</ul>
<h4>Эксплуатация</h4>
<ul>
<li><strong>Область применения:</strong> Универсальное оборудование</li>
<li><strong>Эффективен для помещ. площадью до:</strong> 15 м2</li>
</ul>
<h4>Общие сведения</h4>
<ul>
<li><strong>Гарантийный срок:</strong> 2 года</li>
<li><strong>Серия:</strong> LL</li>
<li><strong>Страна производства:</strong> КНР</li>
<li><strong>Тип нагревательного элемента:</strong> Инфракрасный</li>
</ul>
<h4>Другие характеристики</h4>
<ul>
<li><strong>Вид управления:</strong> Механическое</li>
<li><strong>Вид установки (крепления):</strong> Потолочная</li>
<li><strong>Гарантийный документ:</strong> Гарантийный талон</li>
<li><strong>Защитная решетка:</strong> Да</li>
<li><strong>Индикация включения:</strong> Нет</li>
<li><strong>Класс пылевлагозащищенности:</strong> IP24</li>
<li><strong>Количество режимов нагрева:</strong> 2</li>
<li><strong>Регулировка температуры:</strong> Нет</li>
</ul>

<h3>Документация</h3>
<h4>Сертификаты</h4>
<ul>
<li><img src=""https://kvanta42.ruhttps://kvanta42.ru/wp-content/uploads/2026/02/pdf-icon.png"" width=""32"" height=""32"" alt=""PDF"" style=""vertical-align: middle; margin-right: 8px;""><a href=""https://rkcdn.ru/products/d0786362-4ced-11f0-b8df-00505601218a/src.pdf"" target=""_blank"" rel=""noopener noreferrer"">Сертификат Обогреватель инфракрасный Ballu BIH-LL-1 5-SE (PDF)</a></li>
<li><img src=""https://kvanta42.ruhttps://kvanta42.ru/wp-content/uploads/2026/02/pdf-icon.png"" width=""32"" height=""32"" alt=""PDF"" style=""vertical-align: middle; margin-right: 8px;""><a href=""https://rkcdn.ru/products/03bb70d8-46b9-11f0-b8df-00505601218a/src.pdf"" target=""_blank"" rel=""noopener noreferrer"">Сертификат Обогреватель инфракрасный Ballu BIH-LL-1 5-SE (PDF)</a></li>
</ul>
<h4>Инструкции по эксплуатации</h4>
<ul>
<li><img src=""https://kvanta42.ruhttps://kvanta42.ru/wp-content/uploads/2026/02/pdf-icon.png"" width=""32"" height=""32"" alt=""PDF"" style=""vertical-align: middle; margin-right: 8px;""><a href=""https://rkcdn.ru/products/99f8312c-88d6-11f0-b8e0-00505601218a/src.pdf"" target=""_blank"" rel=""noopener noreferrer"">Инструкция Обогреватель инфракрасный Ballu BIH-LL-1 5-SE (PDF)</a></li>
</ul>

<p><strong>Код товара:</strong> НС-1717425</p>
<p><strong>Штрих-коды:</strong> 4660294938784</p>";"Подвесной инфракрасный обогреватель BALLU BIH-LL-1,5-SE предназначен создавать уют и теплую комфортную атмосферу за вашим столом, даже на открытой веранде в прохладные дни. Находящиеся в спектре...";future;;0;"2026-02-01 12:23:10";1;closed;BIH-LL-1.5-SE;;;no;no;;9990.0;;1.8;42.5;42.5;25;;;instock;no;no;;no;taxable;;;;;;'-1;'-1;;;;;https://kvanta42.ru/?post_type=product&p=21670;0;;"Обогреватель инфракрасный Ballu";;;;;"Подвесной инфракрасный обогреватель BALLU BIH-LL-1,5-SE предназначен создавать уют и теплую комфортную атмосферу за вашим столом, даже на открытой...";58;2;92;;;Ballu;simple;;"Тепловое оборудование > Инфракрасные обогреватели > Электрические инфракрасные обогреватели";;
"Инфракрасный обогреватель BALLU BIH-T-3.0";infrakrasnyy-obogrevatel-ballu-biht30;;21671;"<p>Мощные инфракрасные обогреватели для направленного обогрева в любых условиях.</p>
<h4>Особенности</h4>
<ul>
<li>Возможность монтажа под углом к горизонту делает эксплуатацию прибора максимально комфортной и универсальной.</li>
<li>Эффективны даже при отрицательных температурах и на ветру!</li>
<li>Надежные ТЭНы в оболочке из нержавеющей стали увеличивают срок службы прибора.</li>
<li>Отражатель из жаростойкой зеркальной нержавеющей стали не темнеет со временем, максимально эффективен на протяжении всего срока службы!</li>
</ul>
<h4>Применение</h4>
<p>Промышленные и складские помещения, цеха, ангары, гаражи, выставочные и спортивные залы, открытые площадки, строительные объекты, помещения с высокими потолками и плохой теплоизоляцией. В технологических процессах нагрева и сушки материалов.</p>
<h4>Преимущества</h4>
<ul>
<li>Мощный направленный обогрев в любых условиях;</li>
<li>Сохраняют высокую эффективность даже на ветру и при отрицательных температурах;</li>
<li>Установка на потолке сохраняет свободу рабочей зоны и исключает возможность ожога;</li>
<li>Возможность локального применения;</li>
<li>Высокая экономичность расхода электроэнергии.</li>
</ul>
<h4>Сделано в России</h4>

<h3>Технические характеристики</h3>
<h4>Габариты и вес</h4>
<ul>
<li><strong>Высота товара:</strong> 6 см</li>
<li><strong>Высота упаковки товара:</strong> 7.5 см</li>
<li><strong>Глубина товара:</strong> 30.5 см</li>
<li><strong>Глубина упаковки товара:</strong> 96 см</li>
<li><strong>Длина кабеля:</strong> 0.1 м</li>
<li><strong>Макс. высота установки:</strong> 20 м</li>
<li><strong>Масса товара (нетто):</strong> 4.6 кг</li>
<li><strong>Масса товара с упаковкой (брутто):</strong> 5.4 кг</li>
<li><strong>Ширина товара:</strong> 93.5 см</li>
<li><strong>Ширина упаковки товара:</strong> 36 см</li>
</ul>
<h4>Технические характеристики</h4>
<ul>
<li><strong>Макс. потребляемая мощность:</strong> 3 кВт</li>
<li><strong>Напряжение электропитания, В:</strong> 380 - 400 В</li>
<li><strong>Ступени мощности нагрева, кВт:</strong> 3,00 кВт</li>
</ul>
<h4>Управление</h4>
<ul>
<li><strong>Выносной термостат:</strong> Доп.опция</li>
<li><strong>Пульт управления в комплекте:</strong> Нет</li>
<li><strong>Таймер на отключение:</strong> Нет</li>
<li><strong>Тип термостата:</strong> Доп.опция</li>
<li><strong>Управление c мобильного приложения по Wi-Fi:</strong> Нет</li>
<li><strong>Цифровой дисплей:</strong> Нет</li>
</ul>
<h4>Безопасность</h4>
<ul>
<li><strong>Аварийное отключение при сильном наклоне или опрокидывании:</strong> Нет</li>
<li><strong>Защита от перегрева:</strong> Да (при использовании терморегулятора)</li>
</ul>
<h4>Монтаж и подключение</h4>
<ul>
<li><strong>Крепление на штатив:</strong> Нет</li>
<li><strong>Поворотный кронштейн:</strong> Нет</li>
<li><strong>Сетевой кабель:</strong> Нет</li>
</ul>
<h4>Комплектация</h4>
<ul>
<li><strong>Набор крепежных элементов в комплекте:</strong> Да</li>
</ul>
<h4>Внешний вид</h4>
<ul>
<li><strong>Материал корпуса:</strong> Оцинкованная сталь</li>
<li><strong>Цвет корпуса:</strong> Серый серебристый</li>
</ul>
<h4>Эксплуатация</h4>
<ul>
<li><strong>Назначение:</strong> Использование в помещении</li>
<li><strong>Область применения:</strong> Коммерческое оборудование</li>
<li><strong>Эффективен для помещ. площадью до:</strong> 30 м2</li>
</ul>
<h4>Общие сведения</h4>
<ul>
<li><strong>Гарантийный срок:</strong> 2 года</li>
<li><strong>Серия:</strong> T</li>
<li><strong>Срок службы:</strong> 7 лет</li>
<li><strong>Страна производства:</strong> РОССИЯ</li>
<li><strong>Тип волны:</strong> Средние волны</li>
<li><strong>Тип нагревательного элемента:</strong> Трубчатый электронагреватель (ТЭН)</li>
</ul>
<h4>Другие характеристики</h4>
<ul>
<li><strong>Вид управления:</strong> Механическое</li>
<li><strong>Вид установки (крепления):</strong> Потолочная</li>
<li><strong>Гарантийный документ:</strong> Гарантийный талон</li>
<li><strong>Защитная решетка:</strong> Нет</li>
<li><strong>Индикация включения:</strong> Нет</li>
<li><strong>Класс пылевлагозащищенности:</strong> IP20</li>
<li><strong>Количество режимов нагрева:</strong> 1</li>
<li><strong>Регулировка температуры:</strong> Да (при использовании терморегулятора)</li>
<li><strong>Регулировка угла наклона:</strong> Нет</li>
<li><strong>Точность установки температуры:</strong> Нет</li>
</ul>

<h3>Документация</h3>
<h4>Сертификаты</h4>
<ul>
<li><img src=""https://kvanta42.ruhttps://kvanta42.ru/wp-content/uploads/2026/02/pdf-icon.png"" width=""32"" height=""32"" alt=""PDF"" style=""vertical-align: middle; margin-right: 8px;""><a href=""https://rkcdn.ru/products/e990dea6-8318-11f0-b8e0-00505601218a/src.pdf"" target=""_blank"" rel=""noopener noreferrer"">Сертификат Инфракрасный обогреватель BALLU BIH-T-3 0 (PDF)</a></li>
<li><img src=""https://kvanta42.ruhttps://kvanta42.ru/wp-content/uploads/2026/02/pdf-icon.png"" width=""32"" height=""32"" alt=""PDF"" style=""vertical-align: middle; margin-right: 8px;""><a href=""https://rkcdn.ru/products/306879f2-bfb6-11f0-b8e1-00505601218a/src.pdf"" target=""_blank"" rel=""noopener noreferrer"">Сертификат Инфракрасный обогреватель BALLU BIH-T-3 0 (PDF)</a></li>
</ul>
<h4>Инструкции по эксплуатации</h4>
<ul>
<li><img src=""https://kvanta42.ruhttps://kvanta42.ru/wp-content/uploads/2026/02/pdf-icon.png"" width=""32"" height=""32"" alt=""PDF"" style=""vertical-align: middle; margin-right: 8px;""><a href=""https://rkcdn.ru/products/96df25c1-e50c-11e9-a777-ac162d7b6f40/src.pdf"" target=""_blank"" rel=""noopener noreferrer"">Инструкция Инфракрасный обогреватель BALLU BIH-T-3 0 (PDF)</a></li>
</ul>

<p><strong>Код товара:</strong> НС-1033851</p>
<p><strong>Штрих-коды:</strong> 4650064772243</p>";"Мощные инфракрасные обогреватели для направленного обогрева в любых условиях. Особенности Возможность монтажа под углом к горизонту делает эксплуатацию прибора максимально комфортной и универсальной....";future;;0;"2026-02-01 12:23:20";1;closed;BIH-T-3.0;;;no;no;;9990.0;;4.6;30.5;93.5;6;;;instock;no;no;;no;taxable;;;;;;'-1;'-1;;;;;https://kvanta42.ru/?post_type=product&p=21671;0;;"Инфракрасный обогреватель BALLU";;;;;"Мощные инфракрасные обогреватели для направленного обогрева в любых условиях. Особенности Возможность монтажа под углом к горизонту делает...";71;2;82;;;Ballu;simple;;"Тепловое оборудование > Инфракрасные обогреватели > Электрические инфракрасные обогреватели";;
"Обогреватель инфракрасный Ballu BIH-GSW-1.0";obogrevatel-infrakrasnyy-ballu-bihgsw10;;21672;"Эксклюзивная серия - стеклянные инфракрасные обогреватели. Интерьерное исполнение для локального обогрева в жилых помещениях. Ультратонкие приборы имеют толщину всего 10 мм, благодаря чему незаметны под потолком.

Обогреватели серии выполнены по уникальной запатентованной технологии «греющего стекла» - нагревательный элемент отличается высокой надежностью и практически неограниченным сроком службы.

Повышенная степень пылевлагозащиты IP54 допускает применение обогревателей даже во влажных помещениях (ванные комнаты, бани, бассейны). Подвес на тонких незаметных тросах в комплекте.

Модельный ряд серии GSW представлен моделями с белоснежными панелями с термостойким керамическим покрытием.
На все модели предоставляется расширенная гарантия 3 года.
<h4>Назначение</h4>
Основное: основной и дополнительный обогрев помещений, локальный обогрев жилых и зон в помещениях.
<h4>Сфера применения</h4>
Обогреватели оптимально подходят для обогрева зон жилых помещений, квартир, дач, внутренних помещений кафе, баров, ресторанов, гостиниц и отелей.
<h4>Отличительные особенности</h4>
<ul>
 	<li>Ультратонкие стеклянные панели с толщиной корпуса всего 10 мм</li>
 	<li>Высокотехнологическое керамическое покрытие усиливает теплоотдачу в инфракрасном спектре</li>
 	<li>Уникальная, запатентованная технология «греющее стекло»</li>
 	<li>В комплекте всё необходимое для быстрого и удобного монтажа</li>
 	<li>Подвес на декоративных тросах диаметром 1,5 мм выполняется при помощи удобных фиксаторов</li>
 	<li>Для незаметного монтажа на удалении от потолка обогреватели поставляются с декоративными проводами со стальной оплёткой</li>
 	<li>Индивидуальная упаковка изготовлена из экологичного гофрокартона с удобной ручкой для переноски и усилена силовыми вставками для безопасной транспортировки</li>
 	<li>Увеличенная гарантия 3 года</li>
</ul>
<h4>Сделано в России</h4>
Дипломант конкурса «100 лучших товаров России» в 2024 году.

Обогревателями можно удобно управлять  с вашего телефона, с помощью голосового помощника или задавать различные сценарии работы. Например, включать и выключать удаленно или автоматически по расписанию. Для этого в схему питания обогревателя нужно добавить Умное реле Hommyn*,  а само реле подключить в мобильное приложение. Для подключения к приложению Hommyn понадобится ZigBee хаб Hommyn, для подключения к приложению Дом с Алисой от Яндекс  – умная колонка Алиса с поддержкой ZigBee.

* Модуль реле HOMMYN Zigbee 1 канал (с нейтралью) RLZBN01
<h3>Технические характеристики</h3>
<h4>Габариты и вес</h4>
<ul>
 	<li><strong>Высота товара:</strong> 3 см</li>
 	<li><strong>Высота упаковки товара:</strong> 5.5 см</li>
 	<li><strong>Глубина товара:</strong> 25 см</li>
 	<li><strong>Глубина упаковки товара:</strong> 26.5 см</li>
 	<li><strong>Длина кабеля:</strong> 1.5 м</li>
 	<li><strong>Макс. высота установки:</strong> 3.5 м</li>
 	<li><strong>Масса товара (нетто):</strong> 3.9 кг</li>
 	<li><strong>Масса товара с упаковкой (брутто):</strong> 4.5 кг</li>
 	<li><strong>Ширина товара:</strong> 79 см</li>
 	<li><strong>Ширина упаковки товара:</strong> 83 см</li>
</ul>
<h4>Технические характеристики</h4>
<ul>
 	<li><strong>Макс. потребляемая мощность:</strong> 1 кВт</li>
 	<li><strong>Напряжение электропитания, В:</strong> 220 - 240 В</li>
 	<li><strong>Ступени мощности нагрева, кВт:</strong> 1,00 кВт</li>
</ul>
<h4>Управление</h4>
<ul>
 	<li><strong>Выносной термостат:</strong> Доп.опция</li>
 	<li><strong>Пульт управления в комплекте:</strong> Нет</li>
 	<li><strong>Таймер на отключение:</strong> Нет</li>
 	<li><strong>Тип термостата:</strong> Доп.опция</li>
 	<li><strong>Управление c мобильного приложения по Wi-Fi:</strong> Нет</li>
 	<li><strong>Цифровой дисплей:</strong> Нет</li>
</ul>
<h4>Безопасность</h4>
<ul>
 	<li><strong>Аварийное отключение при сильном наклоне или опрокидывании:</strong> Нет</li>
 	<li><strong>Защита от перегрева:</strong> Да (при использовании терморегулятора)</li>
</ul>
<h4>Монтаж и подключение</h4>
<ul>
 	<li><strong>Крепление на штатив:</strong> Нет</li>
 	<li><strong>Поворотный кронштейн:</strong> Нет</li>
 	<li><strong>Сетевой кабель:</strong> Да (без вилки)</li>
</ul>
<h4>Комплектация</h4>
<ul>
 	<li><strong>Набор крепежных элементов в комплекте:</strong> Да</li>
</ul>
<h4>Внешний вид</h4>
<ul>
 	<li><strong>Материал корпуса:</strong> Стеклокерамика</li>
 	<li><strong>Цвет корпуса:</strong> Белый</li>
</ul>
<h4>Эксплуатация</h4>
<ul>
 	<li><strong>Назначение:</strong> Использование в помещении</li>
 	<li><strong>Область применения:</strong> Бытовое оборудование (для домашнего использования)</li>
 	<li><strong>Эффективен для помещ. площадью до:</strong> 20 м2</li>
</ul>
<h4>Общие сведения</h4>
<ul>
 	<li><strong>Гарантийный срок:</strong> 3 года</li>
 	<li><strong>Серия:</strong> GSW</li>
 	<li><strong>Срок службы:</strong> 7 лет</li>
 	<li><strong>Страна производства:</strong> РОССИЯ</li>
 	<li><strong>Тип волны:</strong> Длинные волны</li>
 	<li><strong>Тип нагревательного элемента:</strong> Инфракрасный</li>
</ul>
<h4>Другие характеристики</h4>
<ul>
 	<li><strong>Вариант размещения:</strong> Потолочное</li>
 	<li><strong>Вид управления:</strong> Отсутствует</li>
 	<li><strong>Вид установки (крепления):</strong> Подвесная</li>
 	<li><strong>Возможность использования в ванной комнате:</strong> Да</li>
 	<li><strong>Гарантийный документ:</strong> Гарантийный талон</li>
 	<li><strong>Защитная решетка:</strong> Нет</li>
 	<li><strong>Индикация включения:</strong> Нет</li>
 	<li><strong>Класс пылевлагозащищенности:</strong> IP54</li>
 	<li><strong>Количество режимов нагрева:</strong> 1</li>
 	<li><strong>Регулировка температуры:</strong> Да (при использовании терморегулятора)</li>
 	<li><strong>Регулировка угла наклона:</strong> Нет</li>
 	<li><strong>Точность установки температуры:</strong> Механическая регулировка</li>
</ul>
<h3>Документация</h3>
<h4>Сертификаты</h4>
<a href=""https://rkcdn.ru/products/f270e725-92dc-11f0-b8e1-00505601218a/src.pdf"" target=""_blank"" rel=""noopener noreferrer""><img style=""vertical-align: middle; margin-right: 8px;"" src=""https://kvanta42.ru/wp-content/uploads/2026/02/pdf-icon.png"" alt=""PDF"" width=""32"" height=""32"" />Сертификат Обогреватель инфракрасный Ballu BIH-GSW-1.0 (PDF)
</a>
<a href=""https://rkcdn.ru/products/99538d8d-92dd-11f0-b8e1-00505601218a/src.pdf"" target=""_blank"" rel=""noopener noreferrer""><img style=""vertical-align: middle; margin-right: 8px;"" src=""https://kvanta42.ru/wp-content/uploads/2026/02/pdf-icon.png"" alt=""PDF"" width=""32"" height=""32"" />Сертификат Обогреватель инфракрасный Ballu BIH-GSW-1.0 (PDF)
</a>
<strong>Код товара:</strong> НС-1502638

<strong>Штрих-коды:</strong> 4680551253269";"Эксклюзивная серия - стеклянные инфракрасные обогреватели. Интерьерное исполнение для локального обогрева в жилых помещениях. Ультратонкие приборы имеют толщину всего 10 мм, благодаря чему незаметны...";future;;0;"2026-02-01 12:23:30";1;closed;BIH-GSW-1.0;;;no;no;;9990.0;;3.9;25;79;3;;;instock;no;no;;no;taxable;;;;;;'-1;'-1;;;;;https://kvanta42.ru/?post_type=product&p=21672;0;4680551253269;"Обогреватель инфракрасный Ballu";;;;;"Эксклюзивная серия - стеклянные инфракрасные обогреватели. Интерьерное исполнение для локального обогрева в жилых помещениях. Ультратонкие приборы...";72;4;90;;;Ballu;simple;;"Тепловое оборудование > Инфракрасные обогреватели > Электрические инфракрасные обогреватели";;
